Title,Year,Studio,Genre,Budget,USboxOffice,OpenWeekend,MovieLength,TrailerLength,Director,DirectorGender,DirectorRace,Star,StarGender,StarRace,Costar,CostarGender,CostarRace,IMDbRating,Metascore,Metacritic,RottenTomatoes,NumberOscars,OscarNoms,OscarWinner
12 Years a Slave,2013,Fox,Drama,20,56.7,0.92,134,146,Steve McQueen,Male,POC,Chiwetel Ejiofor,Male,POC,Michael Kenneth Williams,Male,POC,8.1,96,80,90,3,9,yes
Aladdin,1992,Walt Disney,Animated,28,217.4,0.2,90,50,Ron Clements,Male,W,Scott Weinger,Male,W,Robin Williams,Male,W,7.9,"","",92,2,5,yes
Alice in Wonderland,2010,Walt Disney,Action/Adventure,200,334.2,116.1,108,31,Tim Burton,Male,W,Mia Wasikowska,Female,W,Johnny Depp,Male,W,6.5,53,38,51,2,3,yes
Avatar,2009,Fox,Action/Adventure,237,761.5,7.7,162,215,James Cameron,Male,W,Sam Worthington,Male,W,Zoe Saldana,Female,POC,8,83,35,83,3,9,yes
Avengers: Endgame,2019,Walt Disney,Action/Adventure,356,858.4,357.1,181,147,Anthony and Joe Russo,Male,W,Chris Evans,Male,W,Robert Downey Jr.,Male,W,8.4,80,78,94,0,1,no
Beauty and the Beast,2017,Walt Disney,Other,160,504.1,174.8,129,128,Bill Condon,Male,W,Emma Watson,Female,W,Dan Stevens,Male,W,7.1,65,67,71,0,2,no
Beverly Hills Cop,1984,Paramount,Action/Adventure,14,234.8,15.2,105,145,Martin Brest,Male,W,Eddie Murphy,Male,POC,Judge Reinhold,Male,W,7.3,"","",83,0,1,no
Birdman,2014,Fox,Drama,18,42.3,0.424,119,173,Alejandro G. Inarritu,Male,POC,Michael Keaton,Male,W,Zach Galifianakis,Male,W,7.7,87,76,91,4,9,yes
Black Panther,2018,Marvel,Action/Adventure,200,700.1,202.1,135,118,Ryan Coogler,Male,POC,Chadwich Boseman,Male,POC,Michael B Jordan,Male,POC,7.3,88,86,76,3,6,yes
Brave,2012,Walt Disney,Animated,185,223.4,66.3,100,151,Mark Andrews,Male,W,Kelly Macdonald,Female,W,Billy Connolly,Male,W,7.9,69,36,77,"","",""
Bruce Almighty,2003,Spyglass Entertainment,Other,81,242.6,85.7,101,31,Tom Shadyac,Male,W,Jim Carrey,Male,W,Jennifer Aniston,Female,W,6.6,46,35,49,0,0,no
Cars,2006,Walt Disney,Animated,120,244.1,60.1,117,55,John Lasseter,Male,W,Owen Wilson,Male,W,Bonnie Hunt,Female,W,7.3,73,39,74,0,2,no
E.T. - The Extraterrestrial,1982,Universal,Action/Adventure,105,434.9,11.8,115,31,Steven Spielberg,Male,W,Henry Thomas,Male,W,Drew Barrymore,Female,W,7.9,94,26,98,4,9,yes
Finding Nemo,2003,Walt Disney,Animated,94,339.7,70.3,100,32,Andrew Stanton,Male,W,Albert Brooks,Male,W,Ellen DeGeneres,Female,W,8.1,89,37,98,1,4,yes
Forrest Gump,1994,Paramount,Other,55,329.7,"",142,425,Robert Zemeckis,Male,W,Tom Hanks,Male,W,Robin Wright,Female,W,8.7,82,19,71,7,13,yes
Ghost,1990,Paramount,Drama,22,217.6,12.2,127,141,Jerry Zucker,Male,W,Patrick Swayze,Male,W,Demi Moore,Female,W,6.9,52,17,84,2,5,yes
Ghostbusters,1984,Black Rhino,Other,32,238.6,13.6,105,83,Ivan Reitman,Male,W,Bill Murray,Male,W,Dan Aykroyd,Male,W,7.8,"","",94,0,2,no
Green Book,2018,Universal,Drama,23,85.1,0.32,130,151,Peter Farrelly,Male,W,Mahershala Ali,Male,POC,Viggo Mortensen,Male,W,8.2,69,79,90,3,5,yes
Greyhound,2020,Apple,Action/Adventure,50,"","",91,137,Aaron Schneider,Male,W,Tom Hanks,Male,W,Elisabeth Shue,Female,W,7.6,60,60,74,"","",""
Hamilton,2020,Walt Disney,Drama,"","","",160,61,Thomas Kail,Male,W,Lin-Manuel Miranda,Male,POC,Leslie Odom Jr.,Male,POC,9.1,90,93,99,"","",""
Hancock,2008,Columbia,Action/Adventure,150,227.9,62.6,92,183,Vincent Ngo,Male,POC,Will Smith,Male,POC,Charlize Theron,Female,W,6.9,49,37,40,0,0,no
Harry Potter and the Deathly Hallows: Part 2,2011,Warner Brothers,Action/Adventure,125,381,169.2,130,152,David Yates,Male,W,Daniel Radcliffe,Male,W,Emma Watson,Female,W,8.1,87,41,96,0,3,no
Harry Potter and the Order of the Phoenix,2007,Warner Brothers,Action/Adventure,150,292,77.1,138,31,David Yates,Male,W,Daniel Radcliffe,Male,W,Emma Watson,Female,W,7.1,71,37,78,0,0,no
Harry Potter and the Prisoner of Azkaban,2004,Warner Brothers,Action/Adventure,130,249.4,93.7,141,31,Alfonso Cuaron,Male,POC,Daniel Radcliffe,Male,W,Emma Watson,Female,W,7.7,82,40,91,0,2,no
Home Alone,1990,Huges Entertainment,Action/Adventure,15,285.8,17,103,132,Chris Columbus,Male,W,Macaulay Culkin,Male,W,Joe Pesci,Male,W,7.2,63,9,54,0,2,no
How to Train Your Dragon,2010,DreamWorks,Animated,165,217.4,43.7,98,145,Dean DuBlois,Male,W,Jay Baruchel,Male,W,Gerard Butler,Male,W,8.2,74,33,98,0,2,no
I am Legend,2007,Warner Brothers,Other,150,256.4,77.2,101,162,Francis Lawrence,Male,W,Will Smith,Male,POC,Alice Braga,Female,POC,7.1,65,37,70,0,0,no
Inception,2010,Warner Brothers,Action/Adventure,160,292.6,62.8,148,122,Christopher Nolan,Male,W,Leonardo DiCaprio,Male,W,Joseph Gordon-Levitt,Male,W,8.8,74,42,86,4,8,yes
Indelpendence Day,1996,Centropolis Entertainment,Action/Adventure,75,306.1,50.2,145,147,Roland Emmerich,Male,W,Will Smith,Male,POC,Bill Pullman,Male,W,6.8,59,18,61,1,2,yes
Iron Man,2008,Paramount,Action/Adventure,140,318.3,102.1,126,149,Jon Favreau,Male,W,Robert Downey Jr.,Male,W,Gwyneth Paltrow,Female,W,7.9,79,38,94,0,2,no
Jaws,1975,Zanuck/Brown,Other,8,260,7.1,124,67,Steven Spielberg,Male,W,Roy Scheider,Male,W,Robert Shaw,Male,W,8.2,79,9,100,3,4,yes
Joker,2019,Warner Brothers,Drama,55,335.5,96.2,122,145,Todd Phillips,Male,W,Joaquin Phoenix,Male,W,Robert DeNiro,Male,W,8.5,59,68,88,2,11,yes
Jurassic Park,1993,Universal,Action/Adventure,63,356.8,50.2,127,82,Steven Spielberg,Male,W,Sam Neill,Male,W,Laura Dern,Female,W,8,68,20,90,3,3,yes
Jurassic World: Fallen Kingdom,2018,Universal,Action/Adventure,170,417.7,148,128,151,JA Bayona,Male,W,Chris Pratt,Male,W,Bryce Dallas Howard,Female,W,6.2,51,46,48,0,0,no
Lady Bird,2017,IAC,Drama,10,49,0.364,94,158,Greta Gerwig,Female,W,Saoirse Ronan,Female,W,Laurie Metcalf,Female,W,7.4,94,76,79,0,5,no
Mary Poppins Returns,2018,Walt Disney,Other,130,171.96,23.5,130,61,Rob Marshall,Male,W,Emily Blunt,Female,W,Lin-Manuel Miranda,Male,POC,6.7,66,65,79,0,3,no
Meet the Fockers,2004,Universal,Other,80,279.2,46.1,115,143,Jay Roach,Male,W,Ben Stiller,Male,W,Robert De Niro,Male,W,6.3,41,34,38,0,0,no
Men in Black,1997,Amblin Entertainment,Action/Adventure,90,250.1,51.1,98,148,Barry Sonnenfeld,Male,W,Tommy Lee Jones,Male,W,Will Smith,Male,POC,7.1,71,22,90,1,3,yes
"Monsters, Inc.",2001,Pixar,Animated,115,255.8,62.6,92,146,Pete Docter,Male,W,Billy Crystal,Male,W,John Goodman,Male,W,8,78,34,95,1,4,yes
Moonlight,2016,A24,Drama,4,27.9,0.402,111,120,Barry Jenkins,Male,POC,Mahershala Ali,Male,POC,Naomie Harris,Female,POC,7.4,99,78,98,3,8,yes
Mrs. Doubtfire,1993,Blue Wolf,Other,"",219.2,20.4,125,59,Chris Columbus,Male,W,Robin Williams,Male,W,Sally Field,Female,W,6.7,63,16,71,1,1,yes
My Big Fat Greek Wedding,2002,Gold Circle,Other,5,241.4,0.6,95,61,Joel Zwick,Male,W,Nia Vardalos,Female,W,John Corbett,Male,W,6.5,62,29,76,0,1,no
National Treasure: Book of Secrets,2007,Walt Disney,Action/Adventure,130,220,65.4,124,160,Jon Turteltaub,Male,W,Nicolas Cage,Male,W,Diane Kruger,Female,W,6.5,48,26,34,0,0,no
New Moon,2009,Temple Hill Entertainment,Action/Adventure,50,296.6,142.8,130,31,Chris Weitz,Male,W,Kristen Stewart,Female,W,Robert Pattinson,Male,W,4.5,44,32,28,0,0,no
Parasite,2019,Neon,Other,11,53.4,0.39,132,123,Bong Joon Ho,Male,POC,Kang-ho Song,Male,POC,Sun-kyun Lee,Male,POC,8.6,96,89,90,4,6,yes
Pirates of the Caribbean: Dead Man's Chest,2006,Walt Disney,Action/Adventure,225,423,135.6,151,130,Gore Verbinski,Male,W,Johnny Depp,Male,W,Orlando Bloom,Male,W,7.3,53,37,54,1,4,yes
Pirates of the Caribbean: The Curse of the Black Pearl,2003,Walt Disney,Action/Adventure,140,305.4,46.6,143,60,Gore Verbinski,Male,W,Johnny Depp,Male,W,Geoffrey Rush,Male,W,8.1,63,40,79,0,5,no
Rush Hour 2,2001,New Line,Action/Adventure,90,226.1,67.4,90,71,Brett Ratner,Male,W,Jackie Chan,Male,POC,Chris Tucker,Male,POC,6.4,48,28,52,0,0,no
Shrek,2001,DreamWorks,Animated,60,267.7,42.3,90,126,Andrew Adamson,Male,W,Mike Myers,Male,W,Eddie Murphy,Male,POC,7.9,84,34,89,1,2,yes
Shrek 2,2004,DreamWorks,Animated,150,436.5,108,93,69,Andrew Adamson,Male,W,Mike Myers,Male,W,Eddie Murphy,Male,POC,7.3,75,40,89,0,2,no
Shrek Forever After,2010,DreamWorks,Animated,165,238.4,70.8,93,92,Mike Mitchell,Male,W,Mike Myers,Male,W,Cameron Diaz,Female,W,6.5,58,35,58,0,0,no
Shrek the Third,2007,DreamWorks,Animated,160,320.7,121.6,93,150,Chris Miller,Male,W,Mike Myers,Male,W,Cameron Diaz,Female,W,6.8,58,35,41,0,0,no
Signs,2002,Touchstone,Other,72,228,60.1,106,90,M. Night Shyamalan,Male,POC,Mel Gibson,Male,W,Joaquin Phoenix,Male,POC,6.8,59,36,74,0,0,no
Spider Man,2002,Columbia,Action/Adventure,139,403.7,"",121,151,Sam Raimi,Male,W,Tobey Maguire,Male,W,Kirsten Dunst,Female,W,7.4,73,37,89,0,2,no
Spider Man 2,2004,Columbia,Action/Adventure,200,373.4,115.8,127,156,Sam Raimi,Male,W,Tobey Maguire,Male,W,Kirsten Dunst,Female,W,7.5,83,41,93,1,3,yes
Spider Man 3,2007,Columbia,Action/Adventure,258,336.5,"",139,97,Sam Raimi,Male,W,Tobey Maguire,Male,W,Kirsten Dunst,Female,W,6.3,59,40,63,0,0,no
Spotlight,2015,Open Road,Drama,20,45.1,0.295,129,62,Tom McCarthy,Male,W,Mark Ruffalo,Male,W,Michael Keaton,Male,W,8.1,93,90,97,2,6,yes
Star Wars,1977,Lucasfilm,Action/Adventure,11,460.9,35.9,121,31,George Lucas,Male,W,Mark Hamill,Male,W,Harrison Ford,Male,W,8.8,91,13,94,7,10,yes
Star Wars - Episode I,1999,Lucasfilm,Action/Adventure,115,431.1,22.5,136,91,George Lucas,Male,W,Ewan McGregor,Male,W,Liam Neeson,Male,W,6.5,51,36,80,0,3,no
Star Wars - Episode II,2002,Lucasfilm,Action/Adventure,115,310.7,80,142,74,George Lucas,Male,W,Ewan McGregor,Male,W,Natalie Portman,Female,W,6.7,53,39,67,0,1,no
Star Wars - Episode III,2005,Lucasfilm,Action/Adventure,113,380.3,108.4,140,56,George Lucas,Male,W,Hayden Christensen,Male,W,Natalie Portman,Female,W,7.7,68,40,80,0,1,no
Star Wars - Episode VI,1983,Lucasfilm,Action/Adventure,33,309.1,30.5,134,74,Richard Marquand,Male,W,Mark Hamill,Male,W,Harrison Ford,Male,W,8.4,52,14,79,0,4,no
The Avengers,2012,Marvel,Action/Adventure,220,616,"",143,61,Joss Whedon,Male,W,"Robert Downey, Jr.",Male,W,Chris Evans,Male,W,8.7,69,43,92,"","",""
The Blind Side,2009,Alcon Entertainment,Drama,29,256,34.1,129,177,John Lee Hancock,Male,W,Quinton Aaron,Male,POC,Sandra Bullock,Female,W,7.6,53,29,66,1,2,yes
The Bourne Ultimatum,2007,Universal,Action/Adventure,110,227.2,69.3,115,30,Paul Greengrass,Male,W,Matt Damon,Male,W,Edgar Ramirez,Male,POC,8.1,85,38,94,3,3,yes
"The Chronicles of Narnia: The Lion, The Witch, and The Wardrobe",2005,Walt Disney,Action/Adventure,180,291.7,65.6,143,147,Andrew Adamson,Male,W,Tilda Swinton,Female,W,Georgie Henley,Female,W,6.9,75,39,76,1,3,yes
The Dark Knight,2008,Warner Brothers,Action/Adventure,185,533.3,158.4,152,32,Christopher Nolan,Male,W,Christian Bale,Male,W,Heath Ledger,Male,W,8.9,82,39,94,2,10,yes
The Fate of the Furious,2017,Universal,Action/Adventure,250,226,98.8,136,191,F Gary Gray,Male,POC,Vin Diesel,Male,POC,Dwayne Johnson,Male,POC,6.7,56,69,72,0,0,no
The Hangover,2009,Warner Brothers,Other,35,277.3,45,100,81,Todd Phillips,Male,W,Zach Galifianakis,Male,W,Bradley Cooper,Male,W,7.8,73,31,78,0,0,no
The Hangover Part II,2011,Warner Brothers,Other,80,254.5,86,102,151,Todd Phillips,Male,W,Bradley Cooper,Male,W,Zach Galifianakis,Male,W,6.4,44,40,35,0,0,no
The Hunger Games,2012,Color Force,Action/Adventure,78,405.9,152.5,142,94,Gary Ross,Male,W,Jennifer Lawrence,Female,W,Josh Hutcherson,Male,W,7.6,67,44,85,"","",""
The Hurt Locker,2009,Summit Entertainment,Drama,15,17.1,0.145,131,151,Kathryn Bigelow,Female,W,Jeremy Renner,Male,W,Anthony Mackie,Male,POC,7.7,95,73,84,6,9,yes
The Incredibles,2004,Walt Disney,Animated,92,261.4,70.4,115,39,Brad Bird,Male,W,Craig T. Nelson,Male,W,Samuel L. Jackson,Male,POC,8,90,41,97,2,4,yes
The Lion King,1994,Walt Disney,Animated,45,328.4,1.8,89,80,Roger Allers,Male,W,Matthew Broderick,Male,W,Jeremy Irons,Male,W,8.4,83,14,89,2,4,yes
The Lion King,2019,Walt Disney,Action/Adventure,260,543.6,191.8,118,108,Jon Favreau,Male,W,Donald Glover,Male,POC,Beyonce,Female,POC,6.9,55,88,93,0,1,no
The Lord of the Rings: Return of the King,2003,New Line,Action/Adventure,94,377,72.6,201,121,Peter Jackson,Male,W,Elijah Wood,Male,W,Viggo Mortensen,Male,W,8.9,94,41,94,11,11,yes
The Lord of the Rings: The Two Towers,2002,New Line,Action/Adventure,94,340.5,"",179,179,Peter Jackson,Male,W,Elijah Wood,Male,W,Ian McKellen,Male,W,8.7,88,38,96,2,6,yes
The Matrix Reloaded,2003,Warner Brothers,Action/Adventure,150,281.5,91.8,138,32,Andy Wachowski,Male,W,Keanu Reeves,Male,POC,Laurence Fishburne,Male,POC,7.1,62,40,73,0,0,no
The Passion of Christ,2004,Icon,Other,300,370.3,83.8,127,67,Mel Gibson,Male,W,Jim Caviezel,Male,W,Monica Bellucci,Female,W,7.1,47,43,50,0,3,no
The Shape of Water,2017,Fox,Drama,19,63.8,0.167,123,109,Guillermo del Toro,Male,POC,Sally Hawkins,Female,W,Octavia Spencer,Female,POC,7.3,86,70,92,4,13,yes
The Sixth Sense,1999,Barry Mendel Productions,Other,40,293.5,26.7,107,59,M. Night Shyamalan,Male,POC,Bruce Willis,Male,W,Haley Joel Osment,Male,W,8.2,64,35,85,0,6,no
The Twilight Saga: Breaking Dawn - pt. 1,2011,Summit Entertainment,Action/Adventure,110,281.3,138.1,117,150,Bill Condon,Male,W,Kristen Stewart,Female,W,Robert Pattinson,Male,W,4.9,45,36,25,0,0,no
The Twilight Saga: Eclipse,2010,Summit Entertainment,Action/Adventure,68,300.5,68.5,124,61,David Slade,Male,W,Kristen Stewart,Female,W,Robert Pattinson,Male,W,4.8,54,38,49,0,0,no
Titanic,1997,Fox,Drama,200,600.8,2.9,194,130,James Cameron,Male,W,Leonardo DiCaprio,Male,W,Kate Winslet,Female,W,7.6,74,34,86,11,14,yes
Toy Story 2,1999,Pixar,Animated,90,245.8,57,92,62,John Lasseter,Male,W,Tom Hanks,Male,W,Tim Allen,Male,W,8,88,34,100,0,1,no
Toy Story 3,2010,Pixar,Animated,200,415,110.3,103,149,Lee Unkrich,Male,W,Tom Hanks,Male,W,Tim Allen,Male,W,8.5,92,39,99,2,5,yes
Toy Story 4,2019,Pixar,Animated,200,434,120.9,100,139,Josh Cooley,Male,W,Tom Hanks,Male,W,Tim Allen,Male,W,7.8,84,94,97,1,1,yes
Transformers,2007,DreamWorks,Action/Adventure,150,318.8,"",144,119,Michael Bay,Male,W,Shia LaBeouf,Male,W,Megan Fox,Female,W,7.2,61,35,57,0,3,no
Transformers: Dark of the Moon,2011,Paramount,Action/Adventure,195,352.4,97.4,154,150,Michael Bay,Male,W,Shia LaBeouf,Male,W,Rosie Huntington-Whiteley,Female,W,6.3,42,37,35,0,3,no
Transformers: Revenge of the Fallen,2009,DreamWorks,Action/Adventure,200,402.1,"",150,137,Michael Bay,Male,W,Shia LaBeouf,Male,W,Megan Fox,Female,W,5.9,35,32,20,0,1,no
Twister,1996,Warner Brothers,Action/Adventure,92,241.7,41.1,113,123,Jan de Bont,Male,W,Helen Hunt,Female,W,Bill Paxton,Male,W,6.1,68,17,59,0,2,no
Up,2009,Walt Disney,Animated,175,293,68.1,96,96,Pete Docter,Male,W,Edward Asner,Male,W,Jordan Nagai,Male,POC,8.3,88,37,98,2,5,yes
WALL-E,2008,Pixar,Other,180,223.8,63.1,98,151,Andrew Stanton,Male,W,Ben Burtt,Male,W,Elissa Knight,Male,W,8.5,94,39,96,1,6,yes
War of the Worlds,2005,Paramount,Action/Adventure,132,234.3,"",116,90,Steven Spielberg,Male,W,Tom Cruise,Male,W,Dakota Fanning,Female,W,6.5,73,40,74,3,3,yes
Wonder Woman,2017,Warner Brothers,Action/Adventure,149,412.6,103.3,141,156,Patty Jenkins,Female,W,Gal Gadot,Female,W,Chris Pine,Male,W,7.4,76,73,87,0,0,no
X-Men: The Last Stand,2006,Fox,Action/Adventure,210,234.4,122.9,104,150,Brett Ratner,Male,W,Patrick Stewart,Male,W,Hugh Jackman,Male,W,6.8,58,38,57,0,0,no
Zootopia,2016,Walt Disney,Animated,150,341.3,75.1,108,166,Byron Howard,Male,W,Ginnifer Goodwin,Female,W,Idris Elba,Male,POC,8,78,92,98,1,1,yes
