Required,Children,Sex,Age
Yes,Yes,Female,28
Yes,No,Female,18
Unsure,No,Male,20
Yes,Yes,Male,21
Yes,Yes,Male,25
Yes,No,Female,18
Unsure,No,Female,44
Yes,No,Female,17
No,No,Male,18
Yes,Yes,Male,54
Yes,No,Female,18
Unsure,No,Male,21
Unsure,No,Male,21
Yes,No,Female,19
Yes,No,Male,26
Yes,Yes,Male,44
Yes,No,Male,21
No,No,,21
Yes,No,Male,33
Yes,No,Female,20
Yes,Yes,Female,48
No,No,Male,21
Yes,Yes,Female,36
Yes,No,Male,20
No,Yes,Male,29
Yes,No,Female,43
Yes,Yes,Female,47
No,No,Male,19
No,No,Male,28
Yes,No,Male,29
Yes,No,Female,19
Yes,No,Male,37
Yes,No,Male,18
Yes,Yes,Male,39
Yes,No,Male,21
Yes,No,Male,21
Yes,No,Female,27
Yes,Yes,Female,48
Yes,No,Female,20
Yes,No,Female,20
Yes,No,Female,20
Yes,No,Male,18
Yes,Yes,Male,12
Unsure,Yes,Female,23
Yes,No,Male,38
Yes,Yes,Female,30
No,No,Male,17
Yes,No,Female,21
Yes,No,Female,18
Yes,No,Male,20
Yes,No,Female,20
Yes,No,Male,33
Yes,No,Female,30
Yes,No,Male,21
No,No,Female,20
Yes,No,Female,24
No,No,Male,22
Yes,No,Female,18
Yes,No,Male,19
Yes,Yes,Female,45
Yes,No,Female,20
Yes,No,Male,18
Yes,Yes,Female,47
Yes,Yes,Female,50
Yes,Yes,Female,50
Yes,No,Male,19
Yes,No,Female,31
Yes,No,Male,20
Yes,No,Female,20
Yes,Yes,Male,32
Yes,No,Female,19
Yes,Yes,Male,50
Yes,No,Male,20
No,No,Female,28
Yes,No,Female,17
Yes,No,Male,22
No,No,Female,38
Yes,No,Female,18
No,No,Male,10
Yes,No,Female,22
Yes,Yes,Male,17
No,No,Male,18
Yes,No,Female,16
Yes,No,Female,16
Unsure,No,Male,20
Unsure,No,Female,21
Yes,No,Female,12
Yes,Yes,Female,28
No,No,Female,56
Yes,No,Male,20
Yes,Yes,Male,25
Yes,No,Male,49
Yes,No,Female,19
Yes,No,Male,19
Unsure,No,Female,19
No,No,Female,32
No,No,Female,21
Yes,No,Female,22
Yes,No,Female,19
Yes,No,Female,19
Yes,No,Female,50
Yes,No,Male,18
Yes,Yes,Female,40
No,Yes,Male,40
Yes,No,Female,22
Yes,No,Female,16
Yes,Yes,Female,63
Yes,No,Female,18
Yes,No,Female,10
Yes,No,Male,18
Yes,Yes,Male,28
No,No,Female,20
No,No,Female,98
No,No,Female,20
Yes,Yes,Male,42
No,Yes,Female,26
No,No,Female,21
Yes,No,Female,20
Yes,No,Male,27
Yes,Yes,Female,34
Yes,No,Female,19
Yes,No,Female,26
Yes,Yes,Female,46
Yes,No,Female,19
Yes,Yes,Female,52
Yes,No,Female,31
Yes,No,Male,20
Yes,Yes,Female,24
No,No,Male,20
Yes,Yes,Male,51
Yes,No,Male,20
Yes,No,Female,18
Yes,No,Male,21
Yes,Yes,Female,54
Yes,No,Female,43
Yes,Yes,Male,55
Yes,Yes,Male,28
Yes,Yes,Female,29
Yes,No,Female,22
Yes,No,,23
Yes,No,Male,42
Yes,No,Female,18
No,No,Female,16
No,No,Male,28
Yes,No,Male,24
No,No,Male,56
Yes,Yes,Female,16
Yes,Yes,Male,36
Yes,No,Female,20
No,Yes,Female,40
Yes,Yes,Female,44
Yes,No,Female,12
No,Yes,Female,25
Yes,No,Female,23
Yes,No,Male,50
Yes,Yes,Female,24
Yes,No,Female,39
Yes,No,Female,19
Yes,No,Male,28
Unsure,No,Male,21
Yes,Yes,Female,32
Unsure,Yes,Female,56
Yes,No,Female,28
Yes,No,Female,40
Yes,No,Male,29
Yes,No,Female,22
Unsure,No,Female,20
Yes,Yes,Male,39
Yes,No,Female,36
Unsure,No,Female,18
Yes,No,Female,39
Yes,No,Female,22
Yes,No,Male,29
Yes,No,Male,28
Yes,Yes,Female,29
Yes,No,Male,51
No,No,Male,27
Yes,No,Female,34
Unsure,No,Female,22
Yes,No,Male,60
No,Yes,Female,43
Yes,Yes,Male,61
Yes,No,Female,18
Yes,Yes,Male,36
Yes,No,Female,44
Yes,No,Female,19
Yes,No,Female,21
No,No,Male,25
Yes,No,Female,21
Yes,No,Male,32
Yes,No,Female,18
Yes,No,Female,53
Yes,No,Female,20
Yes,No,Female,24
Yes,Yes,Female,46
Yes,No,Female,23
Unsure,No,Male,19
Yes,Yes,Female,40
Yes,No,Female,18
Yes,Yes,Male,51
Yes,Yes,Male,44
Yes,No,Female,15
Yes,No,Female,19
No,No,Female,18
No,No,Female,57
Yes,No,Female,19
Yes,No,Male,55
Yes,No,Male,19
Yes,No,Female,18
Yes,No,Male,24
Yes,No,Male,22
Yes,No,Female,22
Yes,Yes,Female,30
Unsure,No,Male,21
No,No,Female,27
Yes,No,Female,23
Yes,Yes,Female,30
Yes,Yes,Male,40
Yes,No,Male,14
Yes,Yes,Male,55
Yes,Yes,Male,31
Yes,No,Female,56
Yes,No,Male,19
Yes,No,Female,28
Yes,No,Male,19
Yes,No,Male,20
Yes,No,Male,35
Yes,No,Female,20
No,Yes,Male,31
Yes,Yes,Female,58
Yes,Yes,Male,25
Yes,Yes,,20
Yes,No,Male,20
Unsure,Yes,Female,25
Yes,Yes,Male,52
Yes,No,Male,20
Unsure,No,Male,26
Yes,No,Female,19
Yes,No,Female,21
Unsure,No,Female,21
No,Yes,Female,30
Yes,No,Female,19
Yes,No,Male,21
Yes,No,Male,21
Yes,Yes,Male,22
Yes,No,Female,20
Yes,No,Male,26
Yes,No,Female,46
Yes,No,Male,22
Yes,Yes,Female,56
Yes,No,Male,16
Unsure,No,Female,10
Unsure,Yes,Male,32
Unsure,No,Male,13
No,No,Female,19
Yes,No,Male,36
Yes,No,Female,50
Yes,No,Female,55
Yes,No,Male,18
Yes,No,Female,20
Yes,No,Female,20
Yes,No,Female,19
Yes,No,Female,18
Yes,Yes,Male,48
Yes,Yes,Female,25
Yes,No,Male,39
No,No,Female,50
Yes,Yes,Female,23
Yes,No,Female,21
Yes,No,Male,22
Yes,Yes,Male,40
Yes,No,Female,20
Yes,No,Male,24
,,Female,
Yes,No,Female,33
No,No,Female,17
Yes,No,Female,19
Yes,No,Male,25
Yes,No,Male,19
Yes,No,Female,18
Yes,No,Female,20
No,No,Female,21
Yes,No,Male,35
Yes,No,Female,60
Yes,No,Female,20
Yes,No,Female,19
Yes,Yes,Male,46
Yes,No,Male,20
Yes,No,Male,20
Yes,No,Female,22
Yes,No,Male,20
Yes,Yes,Male,32
Yes,No,Male,20
Yes,Yes,Male,64
Yes,Yes,Male,45
Yes,No,Female,21
Yes,Yes,Male,28
Yes,No,Male,19
Yes,Yes,Female,48
Yes,Yes,Male,19
Yes,Yes,Female,39
,No,Female,19
Yes,Yes,Female,46
Yes,No,Female,19
No,Yes,Female,12
Yes,No,Female,19
Unsure,Yes,Male,34
Yes,No,Female,19
Yes,No,Male,23
Yes,No,Female,22
Yes,No,Male,18
Yes,No,Male,28
No,Yes,Male,26
Yes,Yes,Female,42
Unsure,No,Male,31
Yes,No,Female,20
Yes,No,Female,19
Yes,Yes,Female,26
Yes,No,Male,20
Yes,No,Female,20
Yes,No,Female,40
Yes,Yes,Male,45
Yes,No,Female,20
Yes,No,Female,21
Yes,No,Male,19
Yes,Yes,Female,42
No,Yes,Female,28
Yes,Yes,Female,51
Yes,No,Male,76
Yes,Yes,Female,
Yes,No,Female,24
No,No,Male,25
Yes,Yes,Male,48
Yes,No,Male,19
Yes,Yes,Male,35
No,No,Male,22
Yes,No,Female,57
Yes,No,Female,32
Yes,No,Female,19
Yes,Yes,Male,43
Yes,No,Female,25
Yes,No,Female,18
No,No,Male,25
No,No,Male,25
Yes,No,Female,29
Yes,No,Female,19
Yes,No,Female,20
Yes,No,Female,20
No,Yes,Female,45
Yes,No,Female,18
Yes,No,Female,20
Yes,Yes,Female,44
Unsure,Yes,Female,44
Yes,No,Male,35
No,No,Male,98
No,No,Female,20
Yes,No,Female,21
Yes,No,Female,22
Yes,Yes,Female,32
Yes,No,Female,19
Yes,No,Female,19
No,No,Female,20
Yes,No,Male,21
Yes,No,Female,20
No,No,Male,55
Unsure,No,Male,34
Yes,Yes,Female,38
Unsure,No,Female,19
Yes,No,Male,41
No,No,Female,20
Yes,No,Female,31
Yes,No,Female,24
No,No,Female,20
Yes,No,Female,53
Unsure,No,Male,18
No,No,Male,20
Yes,Yes,Male,39
No,Yes,Male,31
Unsure,No,Female,78
Yes,No,Female,53
Yes,Yes,Female,19
Unsure,Yes,Male,58
Yes,No,Female,20
No,No,Male,21
Yes,No,Female,19
Yes,No,Female,21
Unsure,No,Female,18
Yes,Yes,Female,35
Yes,No,Male,20
Unsure,No,Male,48
Yes,No,Female,22
Yes,No,Female,20
Yes,No,Female,19
Yes,No,Female,19
Yes,Yes,Female,33
Unsure,No,Male,18
No,No,Female,51
Yes,No,Female,23
Yes,No,Female,47
Yes,Yes,Male,37
Yes,No,Female,18
Yes,Yes,Male,26
Yes,,Male,45
Yes,Yes,Male,45
Yes,No,Female,27
No,No,Female,22
Yes,Yes,,57
No,Yes,Female,42
Yes,No,Male,44
Yes,Yes,Female,37
Yes,Yes,Female,23
No,No,Female,18
Yes,No,Female,19
Yes,No,Female,25
Yes,No,Male,53
Yes,Yes,Male,39
Yes,No,Female,24
Unsure,No,Female,19
Yes,No,Male,18
Yes,Yes,Female,20
Yes,Yes,Male,32
Yes,No,Male,18
No,No,Male,43
Unsure,No,Male,19
Yes,No,Female,31
Yes,No,Male,17
Yes,No,Female,25
Yes,Yes,Male,37
Yes,No,Female,26
Yes,No,Female,19
Yes,No,Female,23
Yes,No,Male,20
No,No,Male,20
Yes,No,Female,22
Yes,Yes,Male,22
No,No,Female,19
Unsure,Yes,Female,46
Yes,No,Female,18
No,Yes,Male,28
Yes,No,Male,10
No,Yes,Male,40
Unsure,No,Male,21
Yes,Yes,Male,44
Yes,Yes,Female,47
Yes,No,Female,25
No,Yes,Male,20
Yes,No,Female,19
No,No,Female,20
Yes,Yes,Male,48
Yes,No,Female,20
Yes,No,Female,20
Unsure,Yes,Female,33
Yes,Yes,Female,30
Yes,Yes,Female,33
No,No,Male,21
No,Yes,Female,32
Yes,No,Female,41
No,No,Male,20
Yes,No,Female,20
Yes,Yes,Male,33
Yes,No,Female,19
No,No,Male,20
Yes,No,Female,20
Yes,No,Female,18
Yes,No,Male,20
Yes,No,Female,18
Yes,Yes,Female,27
Yes,No,Female,19
Yes,No,Female,18
No,Yes,Male,20
Yes,No,Female,18
No,Yes,Female,20
Yes,No,Male,53
No,No,Female,48
Yes,No,Female,21
Unsure,No,Female,19
No,No,Female,18
No,No,Male,20
Yes,No,Male,19
Yes,No,Male,56
No,Yes,Male,19
Yes,Yes,Female,44
Yes,Yes,Female,36
Unsure,No,Female,20
Yes,Yes,Female,49
Unsure,No,Female,21
Yes,No,Male,20
Yes,Yes,Male,22
Yes,No,Female,21
Yes,No,Female,18
Yes,No,Male,20
Yes,No,Female,21
Yes,Yes,Female,22
Yes,No,Male,44
Yes,No,Female,21
No,No,Female,27
No,Yes,Female,18
Yes,No,Female,19
No,Yes,Female,33
Yes,Yes,Female,41
No,No,Female,49
Yes,No,Female,42
Yes,No,Female,20
Yes,No,Female,19
Yes,No,Male,28
Yes,Yes,Female,34
Yes,No,Female,18
Yes,Yes,Male,19
No,No,Female,28
Yes,No,Female,24
Yes,No,Female,30
Yes,Yes,Male,61
No,No,Male,18
Yes,Yes,Female,48
Yes,No,Male,45
Yes,Yes,Female,25
No,No,Female,25
Yes,No,Female,49
Yes,Yes,Male,36
Yes,No,Female,19
No,No,Male,20
No,No,Male,20
Yes,No,Female,18
Unsure,No,Female,
Yes,No,Male,19
Yes,No,Female,38
Yes,Yes,Female,50
No,No,Female,19
Yes,Yes,Female,48
Yes,No,Female,18
Yes,No,Female,19
Yes,No,Male,22
Yes,No,Female,20
Yes,No,Female,49
Yes,No,Female,19
No,No,Female,20
Yes,Yes,Female,30
Yes,No,Female,20
Yes,No,Male,25
Yes,No,Female,19
No,No,Male,19
Yes,Yes,Male,45
Yes,No,Male,65
Yes,No,Male,22
Yes,Yes,Male,32
Yes,No,Female,17
Yes,Yes,Male,40
No,No,Female,18
Yes,Yes,Female,23
Yes,No,Female,23
Yes,No,Female,20
Yes,No,Female,21
No,Yes,Female,25
Yes,No,Female,19
Yes,Yes,Female,33
Yes,Yes,Male,53
No,No,Female,22
Yes,No,Female,19
Yes,No,Male,42
No,No,Female,19
Yes,No,Female,21
Yes,No,Female,19
Unsure,Yes,Male,27
Yes,No,Female,21
Yes,No,Female,20
Yes,No,Female,18
No,No,Male,20
No,No,Male,27
Yes,No,Female,27
Yes,Yes,Female,34
Yes,No,Female,18
Yes,No,Male,18
Yes,No,Female,29
Yes,No,Female,25
Yes,No,Female,26
Yes,No,Male,18
Yes,Yes,Male,33
Yes,No,Male,20
Yes,No,Female,19
No,No,Male,27
No,No,Female,34
Yes,Yes,Female,28
No,No,Female,28
Yes,No,Female,45
Yes,No,Female,20
No,Yes,Male,48
Yes,,Female,56
No,No,Female,20
Yes,No,Female,10
Yes,No,Male,18
No,Yes,Male,34
Yes,No,Male,16
Yes,No,Female,19
Yes,No,Female,19
Yes,No,Female,19
Yes,Yes,Female,35
Yes,No,Male,19
Yes,No,Male,26
Yes,No,Female,20
No,No,Female,21
Unsure,No,Female,18
Yes,No,Male,20
Yes,Yes,Female,21
Yes,No,Male,20
Yes,No,Female,20
Yes,Yes,Female,29
Yes,No,Female,27
Unsure,No,Female,21
Yes,No,Female,18
Yes,No,Male,19
Yes,No,Female,20
Yes,No,Male,19
Yes,Yes,Female,39
No,No,Female,23
Yes,No,Male,22
Yes,Yes,Male,42
Yes,Yes,Female,42
Yes,No,Female,17
Yes,Yes,Female,45
Yes,Yes,Male,34
Yes,Yes,Male,42
Yes,No,Female,19
Yes,No,Female,28
Unsure,No,Female,23
Yes,No,Female,20
Yes,No,Female,20
Yes,No,Male,19
Yes,No,Female,18
Yes,No,Female,20
No,Yes,Female,37
Yes,No,Male,56
Yes,Yes,Female,33
No,Yes,Male,32
Yes,No,Male,18
No,No,Male,18
No,No,Male,46
Yes,No,Female,19
Yes,Yes,Female,30
Yes,No,Female,22
Yes,No,Female,20
Yes,Yes,Male,54
Yes,No,Male,21
Yes,No,Female,23
Yes,Yes,Female,36
Yes,No,Male,21
Yes,No,Female,19
Yes,No,Female,53
No,No,Male,19
Yes,No,Female,18
Yes,Yes,Female,49
Yes,No,Female,20
No,No,Female,24
Yes,No,Male,24
Yes,No,Male,19
Yes,No,Female,32
Yes,No,Female,26
No,No,Female,18
Yes,Yes,Male,12
Yes,No,Female,19
Yes,No,Female,22
Yes,No,Female,18
Yes,No,Female,39
Yes,No,Male,33
Yes,No,Male,26
Yes,No,Female,18
No,Yes,Female,19
Yes,No,Male,19
No,Yes,Female,60
Yes,No,Female,22
Yes,Yes,Female,18
Yes,Yes,Male,29
,,,99
Yes,No,Female,20
Unsure,No,Female,28
Yes,No,Male,19
Yes,No,Male,58
No,Yes,Male,30
Yes,No,Female,26
Yes,No,Female,19
No,No,Male,16
Yes,Yes,Male,36
Yes,Yes,Female,30
Yes,Yes,Male,40
No,No,Female,
Yes,No,Male,45
Yes,No,Male,18
Yes,No,Female,46
Yes,Yes,Male,38
Yes,No,Female,20
Yes,No,Male,62
Yes,No,Female,20
No,No,Male,19
Yes,Yes,Male,45
Yes,Yes,Male,48
Yes,No,Female,50
Yes,Yes,Female,51
Yes,No,Male,28
Yes,No,Female,21
Yes,No,Female,46
Yes,Yes,Female,43
Yes,Yes,Male,37
Yes,Yes,Female,42
Yes,No,Female,20
Yes,No,Female,65
Yes,Yes,Male,40
Yes,No,Male,18
Yes,No,Male,28
Yes,No,Male,20
Yes,Yes,Male,31
No,No,Female,17
Yes,Yes,Male,55
No,No,Female,21
Yes,Yes,Female,35
Yes,Yes,Male,46
No,Yes,Male,45
Yes,Yes,Female,26
Yes,No,Female,50
Yes,No,Female,10
Yes,No,Female,24
Yes,Yes,Female,34
Yes,No,Female,18
No,No,Male,21
Yes,No,Female,20
No,Yes,Male,38
No,Yes,Female,32
Yes,Yes,,57
Yes,No,Male,19
Yes,No,Female,22
Yes,Yes,Male,48
Yes,No,Female,19
Yes,Yes,Male,20
Yes,Yes,Female,24
Yes,Yes,Female,30
Yes,Yes,Female,28
Yes,Yes,Female,30
No,No,Female,21
Yes,Yes,Male,99
No,Yes,Male,10
Yes,Yes,Female,24
Yes,Yes,Male,37
Yes,Yes,Male,37
Yes,Yes,Male,37
Yes,No,Female,19
Yes,No,Female,54
Unsure,Yes,Female,20
Yes,No,Female,23
Unsure,Yes,Female,21
Yes,No,Female,
Yes,No,Female,19
Yes,No,Female,51
Yes,No,Female,20
No,No,Female,40
Yes,No,Male,21
Yes,Yes,Male,33
No,No,Male,19
Yes,No,Male,49
No,Yes,Male,38
Yes,Yes,Female,30
Yes,Yes,Male,45
Yes,No,Female,25
Yes,No,Male,24
Yes,No,Male,20
Yes,No,Female,20
Yes,No,Male,50
No,Yes,Female,42
Yes,No,Male,27
Yes,No,Male,22
Yes,Yes,Female,28
Yes,Yes,Female,39
Yes,No,Male,18
Yes,No,Female,53
Yes,No,Male,10
No,No,Male,70
No,No,Female,69
Yes,No,Male,20
Yes,No,Male,18
Yes,No,Male,21
Yes,No,Male,21
Yes,Yes,Male,27
Yes,No,Male,20
No,No,Male,21
Yes,No,Female,20
Yes,No,Male,17
Yes,No,Female,19
No,Yes,Male,48
Unsure,No,Female,57
No,No,Male,28
Yes,No,Male,21
No,No,Male,20
Yes,No,Female,20
No,Yes,Male,21
Yes,Yes,Male,54
Yes,No,Male,20
Yes,No,Female,44
Yes,Yes,Female,48
Yes,No,Female,23
Yes,No,Male,28
Yes,No,Female,59
Yes,Yes,Male,41
Yes,No,Male,19
Yes,Yes,Female,54
No,No,Female,24
No,No,Male,27
Yes,No,Female,21
Yes,No,Female,32
Yes,No,Male,19
No,Yes,Male,65
Yes,No,Female,18
Yes,Yes,Female,51
Yes,No,Male,19
Yes,Yes,Female,36
Yes,No,Female,99
Yes,No,Male,25
Yes,Yes,Male,39
Yes,Yes,Female,40
Yes,No,Female,18
Yes,No,Male,20
Yes,No,Female,53
Yes,No,Male,20
Unsure,Yes,Male,43
Yes,No,Female,23
Yes,No,Female,23
Yes,Yes,Male,30
Unsure,Yes,Male,43
Yes,No,Male,19
Yes,No,Female,52
Yes,No,Male,19
Yes,No,Female,24
Yes,No,Female,19
No,No,Female,30
Yes,Yes,Female,28
Yes,No,Female,18
Yes,No,Male,26
Yes,Yes,Female,27
Yes,Yes,Female,42
Yes,No,Male,19
Yes,No,Female,35
No,No,Male,18
Yes,No,Female,21
Yes,Yes,Male,52
Yes,No,Male,15
Yes,No,Male,22
Yes,No,Male,21
Yes,Yes,Female,33
Yes,No,Female,21
Yes,No,Male,21
Yes,No,Female,31
Yes,No,Male,19
No,No,Female,19
Yes,No,Male,10
Yes,No,Male,23
Yes,Yes,Male,30
Yes,Yes,Female,41
Yes,No,Female,19
Yes,No,Female,22
Unsure,No,Male,21
Yes,Yes,Female,43
Yes,No,Female,50
Yes,Yes,Male,43
Yes,No,Male,20
Yes,No,Female,20
No,No,Female,20
Yes,No,Male,31
Yes,No,Male,20
Yes,Yes,Male,45
Yes,No,Female,19
Yes,Yes,Female,54
Yes,No,Female,19
No,No,Female,18
Yes,No,Male,30
Yes,No,Female,49
Yes,No,Male,19
Yes,No,Male,26
Unsure,No,Male,99
Yes,No,Male,21
No,Yes,Female,46
Yes,No,Female,19
Yes,No,Female,18
No,No,Female,28
Yes,No,Male,19
Yes,No,Female,19
Yes,Yes,Male,35
Unsure,No,Female,42
Yes,No,Male,18
Yes,No,Female,19
Yes,No,Female,24
Yes,No,Female,51
Yes,No,Male,32
Yes,No,Female,20
Yes,No,Female,51
No,Yes,Male,98
Yes,Yes,Male,44
Yes,No,Female,19
Yes,No,Female,18
Yes,No,Female,20
Yes,No,Female,17
Yes,No,Female,19
Yes,Yes,Female,43
Yes,No,Female,19
Yes,No,Female,24
Yes,No,Male,21
No,Yes,Female,52
Unsure,No,Male,18
Yes,Yes,Female,27
Yes,No,Male,20
No,Yes,Female,36
Yes,No,Male,54
Yes,Yes,Female,39
Yes,No,Female,28
Unsure,No,Male,27
No,,,
Unsure,No,Female,19
Unsure,No,Female,19
Yes,No,Male,33
No,No,Female,20
Yes,No,Female,45
Yes,No,Female,19
Yes,No,Male,24
No,Yes,Female,56
Yes,No,Female,26
Unsure,Yes,Female,49
Yes,Yes,Female,28
No,Yes,Male,40
Yes,No,Female,18
Yes,Yes,Female,52
Yes,No,Female,
Yes,Yes,Female,40
Yes,No,Female,23
Yes,No,Male,19
Yes,No,Male,18
Yes,No,Female,23
Yes,No,Female,18
Yes,No,Female,69
Yes,Yes,Female,44
Yes,Yes,Male,34
Yes,No,Male,19
,No,,
Yes,No,Female,22
Unsure,Yes,Male,14
Yes,Yes,Female,30
Yes,Yes,Male,36
Yes,No,Female,
No,No,Male,20
Yes,No,Male,19
Yes,No,Male,19
Yes,No,Female,17
Yes,No,Male,99
Yes,No,Female,18
Yes,No,Female,53
Yes,No,Female,19
No,Yes,Male,34
No,No,Female,43
Yes,No,Female,49
Yes,No,Female,18
Yes,No,Female,17
No,No,Male,18
Yes,No,Male,20
Yes,No,Female,18
Unsure,No,Male,32
Yes,No,Male,18
No,No,Male,21
Yes,Yes,Female,46
Yes,No,Female,18
Yes,No,Female,25
No,No,Female,18
Yes,Yes,Male,38
Yes,No,Female,20
No,Yes,Female,36
Yes,No,Female,22
No,No,Female,19
Yes,No,Female,18
No,No,Male,23
Yes,Yes,Female,39
Yes,No,Female,21
Yes,Yes,Male,22
Yes,No,Male,70
No,Yes,Male,26
Unsure,No,Male,66
Yes,No,Female,25
Yes,Yes,Female,34
No,No,Female,16
No,Yes,Male,42
Yes,Yes,Female,48
No,Yes,Male,33
Yes,No,Female,18
Yes,No,Female,20
Yes,Yes,Female,
No,Yes,Female,33
Yes,No,Male,20
Yes,No,Male,18
Yes,Yes,Female,32
Yes,No,Male,27
Yes,No,Female,36
Yes,,Male,28
Yes,No,Female,20
Yes,Yes,Female,36
No,Yes,Male,38
Yes,No,Female,18
No,No,Female,20
Yes,Yes,Female,50
Yes,No,Female,19
Yes,No,Male,35
Yes,Yes,Male,40
Yes,No,Female,19
Yes,Yes,Male,36
No,Yes,Male,44
Yes,No,Male,62
Yes,No,Female,33
Yes,Yes,Male,34
Yes,Yes,Male,48
Yes,No,Female,56
Yes,No,Female,18
No,No,Male,21
Yes,No,Female,20
Yes,No,Male,42
No,Yes,Female,46
Yes,No,Male,19
Yes,No,Female,19
Yes,No,Female,23
Yes,No,Male,99
Yes,No,Male,18
Yes,Yes,Female,
Yes,Yes,Male,36
Yes,Yes,Female,47
Yes,No,Female,18
Yes,No,Female,25
Yes,No,Female,22
No,No,Male,18
Yes,No,Female,18
Yes,No,Female,20
Unsure,No,Female,23
No,Yes,Female,39
No,Yes,Female,28
Yes,No,Male,17
Yes,Yes,Female,25
Yes,Yes,Female,19
No,Yes,Male,26
No,No,Male,10
Yes,No,Female,20
Yes,Yes,Male,60
Yes,No,Male,23
Unsure,No,Male,18
No,No,Male,20
Yes,No,Male,18
Yes,Yes,Male,59
Unsure,No,Male,58
No,No,Male,18
Yes,No,Male,19
No,Yes,Male,26
Yes,No,Male,18
Yes,No,Female,19
Yes,No,Female,55
Yes,No,Female,21
Yes,No,Male,18
No,Yes,Female,32
Yes,No,Female,20
Yes,No,Female,18
Yes,No,Male,26
Yes,No,Male,20
Yes,No,Female,29
Yes,No,Male,21
Yes,Yes,Male,47
No,No,Male,50
Yes,Yes,Male,19
Yes,No,Female,21
No,No,Male,23
No,No,Female,19
Yes,No,Male,21
No,No,Male,21
Yes,No,Male,19
No,No,Male,20
Yes,No,Female,22
Yes,No,Male,25
Yes,No,Male,25
Unsure,No,Male,55
Yes,No,Female,17
Yes,No,Female,18
Yes,No,Male,20
Yes,No,Female,20
Yes,No,Female,19
No,Yes,Male,42
Yes,No,Male,30
No,Yes,Male,26
No,No,Female,19
Yes,No,Female,19
Yes,No,Female,21
Yes,Yes,Male,28
Yes,No,Male,19
Yes,Yes,Female,26
Yes,Yes,Female,88
Yes,,Male,26
Yes,No,Female,16
Yes,No,Male,25
Yes,No,Female,23
Yes,No,Female,21
Yes,No,Female,20
Yes,Yes,Male,40
No,No,Female,20
Yes,No,Male,30
Unsure,No,Female,20
No,No,Female,30
Yes,No,,21
Yes,No,Male,26
Yes,No,Female,22
Yes,Yes,Female,42
Yes,No,Female,20
Yes,No,Male,19
Yes,Yes,Female,47
Yes,No,Male,20
Yes,No,Female,24
Yes,Yes,Female,38
Yes,No,Female,21
Yes,No,Male,35
Yes,No,Male,22
Yes,Yes,Male,28
Yes,No,Male,
Unsure,No,Male,20
Yes,No,Male,26
Yes,Yes,Female,42
Yes,Yes,Female,29
Yes,No,Female,18
No,No,Female,21
Yes,Yes,Female,31
Yes,No,Female,21
Yes,No,Female,20
No,No,Male,20
Yes,No,Female,18
Yes,No,Female,44
No,Yes,Male,39
Yes,No,Female,19
No,No,Female,24
Yes,No,Male,19
Yes,No,Male,19
No,No,Male,44
Yes,Yes,Female,38
Yes,No,Male,23
Yes,Yes,Male,62
Yes,No,Female,18
Yes,No,Male,20
No,No,Male,10
Yes,Yes,Female,
Yes,No,Female,58
Yes,No,Female,
Yes,No,Female,34
Yes,No,Female,47
Yes,Yes,Male,56
Yes,No,Female,20
Yes,No,Male,18
Yes,Yes,Female,44
Yes,Yes,Female,19
Yes,Yes,Female,19
Yes,No,Female,16
Yes,No,Female,17
No,Yes,Male,
No,Yes,Male,18
Yes,No,Female,16
No,No,Female,52
Yes,Yes,Male,50
Yes,Yes,Male,46
No,No,Female,24
Yes,No,Male,17
Yes,No,Male,17
Yes,No,Male,17
Yes,No,Male,17
No,Yes,Female,41
Yes,No,Male,17
Yes,Yes,Male,50
Yes,Yes,Male,33
Yes,No,Male,19
Yes,No,Female,20
Yes,No,Female,10
Yes,Yes,Male,42
Yes,Yes,,58
No,No,Female,18
Yes,Yes,Female,32
Yes,No,Male,25
Yes,No,Female,16
Yes,No,Female,38
Unsure,No,Female,19
Yes,No,Male,19
Yes,No,Female,22
Yes,No,Female,21
Unsure,No,Female,21
Yes,No,Female,20
No,,Male,27
Unsure,No,Male,20
Yes,Yes,Female,38
Unsure,Yes,Male,20
Yes,No,Male,18
No,No,Male,25
Yes,No,Male,25
Yes,No,Male,34
Yes,No,Female,22
Yes,No,Female,20
Yes,No,Female,23
Yes,No,Female,18
No,Yes,Male,34
Yes,Yes,Male,42
Yes,No,Female,51
Yes,Yes,Male,38
Yes,Yes,Male,22
Yes,No,Female,18
Yes,Yes,Female,24
Yes,No,Male,19
Yes,No,Male,18
Yes,No,Male,18
Yes,No,Male,18
Unsure,No,Female,19
Yes,No,Female,54
Yes,No,Male,19
Yes,No,Male,19
Yes,No,Male,20
Yes,No,Male,32
Yes,,,
Yes,No,Male,30
No,No,Male,18
Yes,No,Female,21
Yes,No,Female,19
Unsure,No,Male,18
Unsure,No,Female,18
Yes,No,Male,22
Yes,No,Female,10
No,No,Female,59
Yes,No,Female,21
Yes,No,Female,42
Yes,Yes,Female,57
Yes,No,Female,18
Yes,No,Female,19
No,Yes,Male,11
Yes,No,Female,45
Yes,No,Female,35
Yes,No,Female,19
Yes,No,Female,24
Yes,,Female,35
Yes,No,Male,19
Yes,Yes,Female,26
Yes,No,Female,20
No,Yes,Female,22
Yes,No,Female,25
Yes,No,Male,18
Yes,Yes,Male,34
Yes,No,Male,47
Yes,No,Female,30
Yes,No,Female,22
No,Yes,Male,28
Unsure,No,Female,22
Yes,Yes,Male,33
Yes,No,Female,26
Yes,Yes,Female,25
Yes,No,Male,22
Yes,No,Male,23
Yes,No,,18
No,No,Female,45
Yes,No,Male,20
Yes,No,Male,50
Yes,No,Male,39
Yes,No,Male,18
Yes,No,Male,77
Yes,No,Male,23
Yes,No,Female,18
Yes,Yes,Female,41
Yes,No,Female,23
Yes,Yes,Female,42
Yes,No,Female,29
Yes,No,Female,45
Unsure,No,Female,19
Yes,Yes,Female,51
Yes,No,Male,19
Yes,Yes,Female,27
Yes,No,Male,20
No,No,Male,27
No,Yes,Female,58
Yes,No,Male,33
Yes,No,Female,16
Unsure,No,Female,34
Yes,No,Female,20
Yes,No,Female,18
Yes,No,Female,46
Yes,No,Female,27
Yes,No,Female,18
No,Yes,Female,34
Yes,Yes,Male,25
Yes,No,Female,40
Yes,Yes,Female,43
Yes,No,Female,29
Yes,No,Male,52
Yes,Yes,Female,32
Yes,Yes,Female,34
Yes,Yes,Male,38
Yes,Yes,Female,50
Yes,No,Female,50
No,No,Female,18
No,Yes,Female,39
Yes,No,Female,21
Yes,No,Male,19
Unsure,No,Female,23
Yes,No,Female,21
Yes,No,Male,27
Yes,No,Male,54
Yes,No,Male,18
No,No,Male,26
No,No,Male,20
Yes,Yes,Male,28
Yes,No,Male,20
Yes,No,Female,21
Yes,No,Male,20
No,No,Male,18
Yes,No,Female,55
No,No,Female,23
Yes,Yes,Female,35
Yes,Yes,Male,42
Yes,Yes,Female,24
Yes,Yes,Female,26
Yes,No,Female,19
Yes,No,Male,20
No,No,Male,18
Yes,Yes,Female,24
Yes,Yes,Female,28
Yes,No,Female,20
Yes,Yes,Male,40
Yes,Yes,Female,28
Yes,No,Female,20
Yes,No,Male,18
Yes,No,Male,24
Yes,No,Female,34
Yes,No,Male,52
Yes,Yes,Female,28
Yes,No,Female,19
Yes,Yes,Female,38
No,Yes,Male,40
Yes,No,Female,21
No,No,Female,19
Unsure,No,Male,18
Yes,No,Male,18
Yes,No,Male,18
Unsure,No,Male,18
No,No,Female,27
Yes,No,Female,20
No,No,Male,23
Yes,No,Male,25
Unsure,No,Male,21
Yes,No,Male,35
Yes,Yes,Male,28
Yes,No,Female,19
Yes,Yes,Female,42
Yes,No,Male,35
Yes,No,Female,51
Yes,No,Male,15
Yes,No,Female,24
Yes,Yes,Male,29
Yes,No,Male,42
No,Yes,Female,26
Yes,No,Male,20
Yes,No,Male,16
Yes,No,Female,20
Yes,No,Male,21
Yes,No,Female,30
Yes,No,Male,22
Yes,Yes,Female,30
Yes,Yes,Female,19
Yes,No,Female,30
Yes,No,Male,20
No,No,Female,17
Yes,No,Female,18
Yes,No,Female,26
No,No,Female,23
Yes,No,Female,19
Yes,Yes,Female,54
Yes,Yes,Female,47
Yes,No,Female,22
Yes,No,Female,19
Yes,Yes,Female,30
Yes,No,Male,19
Yes,No,Female,25
Yes,No,Female,19
Yes,No,Female,52
Yes,Yes,Male,68
Unsure,No,Male,19
Yes,No,Male,16
Yes,No,Female,10
Yes,No,Female,19
No,No,Female,21
Yes,No,Female,19
No,Yes,Female,37
No,No,Female,19
Yes,Yes,Male,57
Yes,No,Female,22
Yes,No,Male,21
No,Yes,Female,45
No,No,Female,18
No,No,Male,19
No,Yes,Female,44
Yes,No,Male,20
Yes,No,Female,21
No,No,Female,18
Yes,No,Male,20
Yes,No,Female,48
No,Yes,Female,21
Yes,Yes,Male,45
Yes,No,Female,30
Yes,No,Female,19
Yes,Yes,Male,45
Yes,No,Male,23
Yes,No,Male,18
Yes,No,Female,20
Unsure,No,Female,24
No,No,Female,21
Yes,No,Male,21
Yes,No,Female,18
Yes,Yes,Male,21
No,No,Female,20
Yes,No,Male,19
Unsure,No,Male,18
Yes,No,Male,28
No,Yes,Female,42
Yes,No,Male,37
Yes,No,Male,12
Unsure,No,Male,47
Yes,No,Male,19
Yes,Yes,Male,60
No,No,Female,42
Yes,No,Female,25
Yes,No,Male,
Yes,No,Male,36
Yes,Yes,Female,38
Yes,Yes,Male,45
Yes,No,Female,18
No,No,Male,20
No,No,Female,31
No,Yes,Male,31
Yes,No,Male,27
Yes,No,Male,21
Unsure,Yes,Female,45
Yes,No,Female,20
Yes,No,Male,
Yes,No,Female,19
Yes,Yes,Male,49
Yes,No,Male,19
Yes,Yes,Female,52
Yes,No,Male,18
Yes,No,Male,19
Yes,Yes,Male,24
Yes,Yes,Male,34
Yes,No,Female,20
No,No,Male,19
Yes,No,Female,18
Yes,No,Male,19
No,No,Female,19
No,Yes,Female,28
Yes,Yes,Female,60
Yes,No,Male,18
Yes,No,Male,20
Yes,No,Female,19
Unsure,No,Male,18
Yes,No,Male,20
Yes,No,Female,23
Yes,No,Female,21
Yes,No,Female,20
Yes,No,Female,23
Yes,Yes,Male,35
Yes,No,Female,19
Unsure,No,Female,21
Unsure,No,Female,22
Yes,No,Female,27
Yes,No,Male,20
Unsure,No,Female,21
Yes,No,Female,25
No,No,Male,18
Yes,Yes,Female,54
Unsure,No,Male,33
Yes,No,Male,19
Unsure,No,Male,31
Yes,No,Male,21
Yes,No,Female,19
Unsure,Yes,Male,51
Yes,No,Female,18
Yes,No,Male,19
Yes,No,Female,23
Yes,No,Female,22
Yes,No,Male,27
Yes,No,Male,29
Yes,No,Female,18
Yes,Yes,Female,31
No,No,Male,28
No,No,Male,55
Yes,No,Female,20
Unsure,No,Female,20
Yes,Yes,Female,23
Yes,No,Female,19
Yes,Yes,Male,45
Yes,Yes,Male,38
Yes,No,Male,20
Yes,Yes,Male,19
Yes,Yes,Male,31
Yes,No,Female,13
Yes,No,Male,22
Yes,No,Female,20
Yes,No,Male,24
No,No,Female,23
Yes,No,Male,27
Yes,No,Male,22
No,No,Male,21
Yes,No,Male,19
No,Yes,Female,20
Unsure,No,Female,34
No,No,Female,18
No,No,Female,33
Yes,Yes,Male,41
Yes,No,Male,22
Yes,Yes,Male,99
Yes,No,Male,65
No,No,Male,98
Yes,No,Female,20
Yes,No,Male,20
Yes,No,Male,37
Yes,No,Male,52
Yes,Yes,Male,44
No,No,Male,18
No,No,Female,21
Yes,No,Male,31
No,No,Male,88
Yes,Yes,Female,28
Yes,No,Male,20
Yes,No,Female,18
Yes,No,Female,18
Yes,No,Female,17
Unsure,No,Female,20
Yes,Yes,Female,34
Yes,No,Male,19
No,No,Male,20
No,Yes,Female,19
Yes,No,Female,20
Yes,Yes,Female,50
Yes,No,Male,29
Yes,No,Male,42
Yes,No,Male,23
Yes,No,Male,18
Yes,Yes,Female,30
No,No,Female,18
No,Yes,Male,26
Yes,No,Female,53
Yes,No,Female,19
Yes,No,Male,16
Yes,No,Female,20
Yes,No,Male,20
No,No,Male,24
No,No,Female,20
Yes,No,Male,71
Yes,Yes,Female,34
No,Yes,Male,30
Yes,No,Female,18
Yes,No,Male,49
Unsure,No,Female,18
Unsure,No,Male,23
Yes,No,Female,18
Yes,No,Male,31
Yes,No,Male,24
Yes,No,Female,19
No,No,Female,62
Yes,No,Female,20
Yes,Yes,Female,45
No,Yes,Female,52
No,Yes,Male,50
Yes,No,Female,39
No,No,Male,27
Unsure,No,Female,24
Yes,No,Male,33
Yes,No,Male,27
Yes,Yes,Female,40
Yes,No,Female,35
Unsure,Yes,Female,27
Yes,No,Male,39
Yes,Yes,Male,40
Unsure,Yes,Female,99
Yes,No,Male,19
No,Yes,Female,48
No,No,Male,31
Yes,No,Male,26
Unsure,No,Female,23
Yes,Yes,Male,99
Yes,No,Male,26
Yes,No,Female,18
Yes,No,Male,20
No,No,Female,19
Yes,Yes,Female,30
No,No,Male,18
No,Yes,Female,21
Unsure,No,Male,19
Yes,Yes,Male,34
Yes,No,Female,19
Yes,Yes,Male,58
Yes,No,Female,19
Yes,No,Female,19
Yes,No,Male,45
Yes,No,Female,18
Unsure,No,Male,21
Yes,No,Male,31
Yes,Yes,Female,23
Yes,Yes,Female,32
Yes,No,Female,18
No,No,Male,32
No,Yes,Female,34
Yes,Yes,Female,37
Yes,No,Female,30
No,Yes,Female,45
Yes,Yes,Male,21
Yes,Yes,Female,40
Yes,Yes,Female,33
Yes,Yes,Female,28
Yes,No,Male,32
No,No,Female,26
Yes,No,Male,20
Yes,No,Male,19
Yes,No,Female,17
Yes,No,Male,21
Yes,No,Male,24
Yes,No,Female,19
Yes,No,Male,19
Yes,No,Female,19
Yes,No,Male,20
Yes,No,Male,20
Yes,No,Male,20
Yes,No,Male,18
Yes,No,Female,18
Yes,Yes,Female,37
Unsure,Yes,Male,60
No,No,Female,21
No,No,Male,18
No,No,Female,19
Yes,No,Female,19
Yes,Yes,Male,55
Yes,Yes,Male,45
Yes,No,Male,34
No,Yes,Female,39
Yes,Yes,Female,37
No,No,Male,25
Unsure,Yes,Female,60
No,Yes,Female,22
No,No,Male,18
Yes,No,Male,55
Yes,No,Female,43
Yes,Yes,Male,34
Yes,Yes,Male,34
Yes,Yes,Female,50
Yes,No,Female,25
Yes,Yes,Female,45
Yes,No,Female,47
Yes,No,Male,18
Yes,Yes,Female,33
Yes,No,Female,19
Yes,No,Male,22
Yes,Yes,Male,29
Yes,No,Male,44
Yes,,Female,25
Yes,No,Male,23
Unsure,No,Female,18
Yes,No,Female,99
Yes,No,Female,28
Yes,No,Female,19
Yes,No,Male,37
No,No,Female,60
Unsure,No,Female,28
No,Yes,Female,35
Yes,Yes,Female,48
Yes,No,Female,14
Yes,Yes,Female,48
Yes,Yes,Female,18
Yes,Yes,Female,54
Yes,No,Male,53
Unsure,No,Female,18
Unsure,No,Female,52
,No,Female,57
Yes,No,Female,20
Yes,No,Female,18
No,Yes,Male,45
Yes,No,Male,52
Yes,Yes,Male,42
No,,,
Yes,Yes,Female,48
Yes,No,Female,31
Yes,No,Female,55
No,No,Male,10
No,No,Female,19
Yes,No,Female,19
Yes,No,Male,18
Yes,Yes,Female,38
Yes,Yes,Male,24
Yes,Yes,Female,25
Yes,Yes,Male,35
Yes,No,Female,30
Yes,No,Male,21
Yes,Yes,Female,42
Yes,No,Male,20
No,No,Male,21
Yes,No,Female,18
Yes,No,Female,20
Yes,No,Male,21
Yes,Yes,Female,50
No,No,Female,21
Yes,Yes,Male,38
Yes,Yes,Female,46
Yes,Yes,Male,28
Yes,Yes,Male,34
Yes,No,Male,20
No,Yes,Female,28
Yes,Yes,Female,38
Yes,Yes,Female,44
Yes,No,Male,21
Yes,Yes,Female,45
Yes,Yes,Female,34
Yes,No,Male,23
Yes,Yes,Female,43
Yes,Yes,Male,30
Yes,Yes,Male,30
Yes,Yes,Female,58
No,No,Female,20
No,No,Male,22
Yes,Yes,Female,36
Unsure,No,Female,32
Yes,Yes,Female,40
Yes,No,Female,22
Yes,No,Male,20
Yes,No,Male,18
No,Yes,Male,23
Yes,Yes,Male,35
Yes,No,Female,20
Yes,Yes,Male,40
Yes,No,Female,34
Yes,No,Male,
Yes,No,Female,29
Yes,No,Female,33
No,No,Male,62
Yes,No,Male,17
Yes,No,Female,18
Yes,Yes,Female,39
No,No,Male,20
Yes,No,Female,18
Yes,Yes,Female,45
Yes,Yes,Male,39
No,No,Female,23
Unsure,Yes,Female,31
Yes,No,Female,25
Yes,Yes,Male,45
Yes,No,Male,21
Yes,No,Male,22
Yes,No,Male,22
Yes,No,Male,27
Yes,Yes,Female,24
Yes,No,Female,18
Yes,No,Female,21
Yes,Yes,Female,52
No,No,Female,19
Yes,Yes,Female,47
Yes,No,Male,20
No,No,Female,48
No,No,Male,18
Unsure,Yes,Female,99
Unsure,Yes,Male,50
Yes,No,Female,21
Yes,No,Male,74
No,Yes,Female,50
Yes,No,Female,18
Yes,No,Male,20
Yes,Yes,Female,52
Yes,Yes,Female,54
Yes,No,Male,18
Yes,No,Female,21
Yes,Yes,Male,36
Yes,No,Male,20
Yes,No,Male,55
No,No,Female,19
Unsure,No,Male,25
Yes,Yes,Female,35
Yes,Yes,Male,40
Yes,No,Female,18
Yes,Yes,Male,57
Yes,Yes,Female,36
Yes,No,Female,43
Yes,No,Male,18
Yes,No,Female,38
Yes,Yes,Female,43
Unsure,No,Male,19
Yes,Yes,Male,26
No,No,Female,19
Yes,Yes,Male,99
Yes,No,Male,19
Yes,Yes,Female,46
Yes,Yes,Male,30
No,Yes,Female,32
Unsure,No,Male,34
Yes,No,Female,19
Yes,,Female,18
Yes,No,Female,18
Yes,No,Female,23
Yes,No,Female,29
Yes,Yes,Female,47
Yes,No,Female,18
No,No,Male,24
Yes,Yes,Female,35
Yes,No,Female,36
Yes,No,Male,18
Unsure,No,Female,19
Yes,No,Male,60
No,No,Male,23
Yes,No,Male,39
Yes,No,Female,22
No,No,Male,18
Unsure,No,Female,50
Unsure,No,Female,34
Yes,No,Female,19
Yes,No,Female,18
Unsure,No,Male,21
Yes,No,Male,21
No,No,Female,40
Yes,No,Male,50
No,Yes,Male,26
Yes,Yes,Female,45
Yes,Yes,Female,45
Yes,No,Female,10
Yes,No,Male,50
No,No,Female,23
Yes,No,Female,19
Yes,No,Female,20
Yes,Yes,Female,54
Yes,Yes,Female,28
Yes,No,Female,19
No,No,Female,60
No,No,Male,21
,,Male,
Yes,No,Male,18
Yes,Yes,Female,32
Yes,No,Male,17
Yes,Yes,Female,44
Yes,No,Female,18
Yes,No,Female,24
Yes,Yes,Male,33
Yes,Yes,Female,48
Yes,No,Female,24
No,No,Male,18
Yes,No,Male,26
Yes,No,Female,21
No,No,Female,22
No,No,Female,22
Yes,No,Female,19
Yes,No,Female,21
No,Yes,Male,31
Yes,Yes,Female,35
Yes,Yes,Female,28
Yes,Yes,Female,42
Yes,Yes,Male,33
Yes,No,Female,38
Yes,Yes,,44
Yes,No,Male,23
Yes,No,Female,18
Unsure,No,Female,22
No,No,Male,25
Yes,No,Male,23
Yes,No,Male,33
Yes,No,Male,22
Yes,No,Female,22
Yes,No,Female,20
No,No,Female,19
Yes,No,Female,19
Yes,No,Male,19
Yes,Yes,Female,25
Yes,Yes,Female,58
Unsure,No,Female,18
Yes,No,Male,52
Yes,No,Male,20
No,No,Female,20
Yes,Yes,Female,50
No,No,Female,20
Yes,Yes,Male,40
Yes,No,Female,24
Yes,No,Female,19
No,No,Male,20
Yes,No,Male,19
Yes,No,Male,25
Unsure,No,Male,25
Yes,No,Female,20
Unsure,No,Male,50
No,No,Female,72
Yes,No,Male,31
Yes,No,Female,39
Unsure,No,Female,35
Yes,Yes,Female,32
Yes,No,Female,32
Yes,No,Male,31
Yes,No,Male,42
Yes,No,Male,23
No,Yes,Female,35
Yes,No,Male,29
No,No,Female,28
Yes,No,Female,18
Yes,No,Female,50
Yes,Yes,Male,38
Yes,No,Male,19
Yes,No,Female,22
Yes,No,Male,24
Yes,No,Female,39
Yes,No,Male,63
Yes,Yes,Female,32
Yes,No,Male,20
No,No,Female,19
Yes,No,Female,20
Yes,No,Male,21
No,Yes,Female,21
No,Yes,Female,49
Yes,Yes,Female,36
Yes,No,Male,24
Yes,No,Female,20
Yes,No,Female,20
Yes,No,Female,23
Yes,Yes,Male,27
Yes,Yes,Male,59
No,Yes,Male,31
Yes,Yes,Male,28
Yes,No,Male,30
No,No,Male,17
Yes,No,Male,31
Unsure,No,Female,23
Yes,No,Female,47
Yes,Yes,Male,52
Yes,Yes,Male,35
Yes,Yes,Female,36
Unsure,No,Male,15
Yes,No,Male,21
No,No,Male,30
Yes,Yes,Female,40
Yes,Yes,Male,51
No,No,Female,16
Yes,Yes,Female,29
Yes,No,Male,24
Yes,No,Female,18
Yes,Yes,Female,58
Yes,No,Male,19
Yes,No,Female,19
Yes,Yes,Male,38
Unsure,Yes,Female,55
Yes,No,Male,22
Yes,No,Male,22
Yes,No,Male,19
Yes,No,Male,32
Yes,No,Male,18
Yes,Yes,Male,42
Yes,No,Female,21
No,No,Female,20
Yes,Yes,Female,51
Yes,Yes,Female,50
Yes,No,Male,18
Yes,Yes,Female,31
Yes,No,Female,22
No,Yes,Male,57
Yes,No,Female,45
Yes,Yes,Female,36
Yes,No,Male,20
Yes,No,Female,17
No,Yes,Male,18
Yes,Yes,Female,23
No,Yes,Male,31
Yes,Yes,Female,47
Yes,Yes,Female,49
Yes,No,Male,35
Yes,No,Male,17
Unsure,Yes,Female,35
Yes,No,Female,23
Yes,No,Female,31
Yes,No,Female,28
Yes,No,Male,20
Yes,No,Male,49
Yes,No,Male,22
Yes,Yes,Male,24
Yes,Yes,Female,45
Yes,Yes,Male,53
Yes,No,Male,20
Yes,No,Female,18
Yes,No,Male,16
Yes,Yes,Female,37
Yes,Yes,Female,36
Yes,Yes,Female,21
Yes,No,Male,17
Yes,Yes,Male,52
Yes,No,Female,19
Yes,No,Male,20
Yes,No,Male,18
Yes,No,Male,28
Yes,Yes,Male,46
Yes,No,Female,19
Yes,Yes,Male,42
Yes,No,Male,25
Yes,No,Male,19
Yes,Yes,Female,38
No,No,Female,18
Yes,Yes,Female,45
Yes,Yes,Male,40
Yes,Yes,Female,33
Yes,Yes,Female,33
Unsure,No,Male,48
No,Yes,Male,29
Yes,,,
Yes,Yes,Female,44
No,Yes,Female,38
Yes,No,Female,20
Yes,No,Female,19
Yes,No,Female,20
No,Yes,Male,31
Yes,Yes,Female,37
